CODE,en_US,zh_Hans,zh_TW,es_ES,hu_HU,de_DE,fr_FR,nl_NL,pt_BR,ja_JP,pt_PT,it_IT,ru_RU,pl_PL,sv_SE,ko_KR
_L_ON,ON,开,開,SI,BE,AN,ACTIVÉ,AAN,LIGADO,オン,SIM,SI,Включено,WŁ,PÅ,켜짐
_L_OFF,OFF,关,關,NO,KI,AUS,DÉSACTIVÉ,UIT,DESLIGADO,オフ,NÃO,NO,Выключено,WYŁ,AV,꺼짐
_L_ON_F,[ON],[开],[開],[SI],[BE],[AN],[ACTIVÉ],[AAN],[LIGADO],[オン],[SIM],[SI],[Вкл],[WŁ],[PÅ],[켜짐]
_L_OFF_F,[OFF],[关],[關],[NO],[KI],[AUS],[DÉSACTIVÉ],[UIT],[DESLIGADO],[オフ],[NÃO],[NO],[Выкл],[WYŁ],[AV],[꺼짐]
_L_BACK,Back,返回,返回,[Atrás],Vissza,Zurück,Retour,Terug,Voltar,戻る,Voltar,Indietro,[Назад],Wróć,Tillbaka,뒤로
_L_ERR,Error,错误,錯誤,Error,Hiba,Fehler,Erreur,Fout,Erro,エラー,Erro,Errore,Ошибка,Błąd,Fel,오류
_L_ERR_CODE,Error Code,错误码,錯誤碼,Código error,Hibakód,Fehlercode,Code d'Erreur,Foutcode,Código de Erro,エラーコード,Código de erro,Codice Errore,Код ошибки,Kod błędu,Felkod,오류 코드
_L_FAILED,Failed,失败,失敗,Fallido,Sikertelen,Fehlgeschlagen,Échoué,Mislukt,Falhou,失敗,Falhou,Fallito,Неудачно,Niepowodzenie,Misslyckades,실패
_L_BYTES,Bytes,字节,字節,Bytes,Bájt,Bytes,Octets,Bytes,Bytes,バイト,Bytes,Byte,Байт,Bajtów,Byte,바이트
_L_APP_AMIIBO,Amiibo Emulator,Amiibo模拟,Amiibo模擬,Emulador Amiibo,Amiibo emulátor,Amiibo Emulator,Émulateur Amiibo,Amiibo Emulator,Emulador Amiibo,Amiibo エミュ,Emulador Amiibo,Emulatore Amiibo,Эмулятор Amiibo,Amiibo Emulator,Amiibo Emulator,Amiibo 에뮬레이터
_L_APP_AMIIBOLINK,AmiiboLink,AmiiboLink,AmiiboLink,AmiiboLink,AmiiboLink,AmiiboLink,AmiiboLink,AmiiboLink,AmiiboLink,AmiiboLink,AmiiboLink,AmiiboLink,AmiiboLink,AmiiboLink,AmiiboLink,AmiiboLink
_L_APP_BLE,BLE File Transfer,蓝牙传文件,藍牙傳文件,Transferencia Archivos BLE,BLE fájlátvitel,BLE Dateiübertragung,Transfert de Fichiers BLE,BLE Bestandsoverdracht,Transf. Arq. BLE,BLE ファイル転送,Transf. Fich. BLE,Trasferimento file BLE,Передача файлов по BLE,Transfer plików BLE,BLE-filöverföring,BLE 파일 전송
_L_APP_BLE_TITLE,BLE File Transfer,蓝牙文件传输,藍牙文件傳輸,Transferencia Archivos BLE,BLE fájlátvitel,BLE Dateiübertragung,Transfert de Fichiers BLE,BLE Bestandsoverdracht,Transf. Arq. BLE,BLE ファイル転送,Transf. Fich. BLE,Trasferimento file BLE,Передача файлов по BLE,Transfer plików BLE,BLE-filöverföring,BLE 파일 전송
_L_APP_PLAYER,Video Player,视频播放,視頻播放,Reproductor de Video,Videólejátszó,Videoplayer,Lecteur Vidéo,Videospeler,Reprodutor de Vídeo,ビデオプレーヤー,Reprodutor de vídeo,Lettore video,Видеопроигрыватель,Odtwarzacz wideo,Videospelare,비디오 플레이어
_L_APP_SET,Settings,系统设置,系統設置,Ajustes,Beállítások,Einstellungen,Paramètres,Instellingen,Configurações,設定,Definições,Impostazioni,Настройки,Ustawienia,Inställningar,설정
_L_APP_SET_VERSION,Version,版本信息,版本信息,Versión,Verzió,Version,Version,Versie,Versão,バージョン,Versão,Versione,Версия,Wersja,Version,버전
_L_APP_SET_STORAGE_USED,Used,已用,已用,Usado,Használt,Verwendet,Utilisé,Gebruikt,Usado,使用済み,Usado,Usato,Использовано,Użyte,Använt,사용됨
_L_APP_SET_STORAGE,External Storage,外部存储,外部存儲,Almacenamiento Externo,Külső tárhely,Externer Speicher,Stockage Externe,Externe Opslag,Armazenamento Externo,外部ストレージ,Armazenamento Externo,Archiviazione esterna,Внешнее хранилище,Pamięć zewnętrzna,Externt lagringsutrymme,외부 저장소
_L_APP_SET_OLED_CONTRAST,Contrast,对比度,對比度,Contraste,Kontraszt,Kontrast,Contraste,Contrast,Contraste,コントラスト,Contraste,Contrasto,Контрастность,Kontrast,Kontrast,대비
_L_APP_SET_OLED_CONTRAST_TITLE,Contrast,显示对比度,顯示對比度,Contraste,Kontraszt,Kontrast,Contraste,Contrast,Contraste,コントラスト,Contraste,Contrasto,Контрастность,Kontrast,Kontrast,대비
_L_APP_SET_LCD_BACKLIGHT,Backlight,背光亮度,背光亮度,Luz de fondo,Háttérvilágítás,Hintergrundbeleuchtung,Rétroéclairage,Achtergrondverlichting,Luz de Fundo,バックライト,Luz de fundo,Retroilluminazione,Подсветка,Podświetlenie,Bakgrundsbelysning,백라이트
_L_APP_SET_LCD_BACKLIGHT_TITLE,Backlight Brightness,背光亮度,背光亮度,Brillo,Háttérvilágítás fényereje,Helligkeit,Luminosité,Helderheid,Brilho,バックライトの明るさ,Brilho da luz de fundo,Luminosità retroilluminazione,Яркость подсветки,Jasność podświetlenia,Ljusstyrka,백라이트 밝기
_L_APP_SET_ANIM,Menu Animation,菜单动画,菜單動畫,Animación Menú,Menü animáció,Menüanimation,Animation du Menu,Menu-animatie,Animação do Menu,メニューのアニメ,Animação do menu,Animazione menu,Анимация меню,Animacja menu,Menyanimering,메뉴 애니메이션
_L_APP_SET_LIPO_BAT,LiPO Battery,锂电池,鋰電池,Batería LiPO,LiPO akkumulátor,LiPO-Batterie,Batterie LiPO,LiPO Batterij,Bateria LiPO,LiPO バッテリー,Bateria LiPO,Batteria LiPO,Аккумулятор LiPO,Bateria LiPO,LiPO-batteri,LiPO 배터리
_L_APP_SET_SHOW_MEM_USAGE,Memory Used,内存占用,內存占用,Memoria Usada,Memóriahasználat,Verwendeter Speicher,Mémoire Utilisée,Geheugengebruik,Memória Usada,メモリ使用量,Memória usada,Memoria utilizzata,Использование памяти,Użycie pamięci,Minnesanvändning,메모리 사용량
_L_APP_SET_HIBERNATE,Fast Wakeup,快速启动,快速啟動,Reactivación Rápida,Gyors ébresztés,Schnelles Aufwachen,Réveil Rapide,Snel Ontwaken,Despertar Rápido,高速起動,Início rápido,Risveglio rapido,Быстрое пробуждение,Szybkie wybudzanie,Snabbväckning,빠른 깨우기
_L_APP_SET_SLEEP_TIMEOUT,Sleep Timeout,休眠时间,休眠時間,Tiempo de Espera,Alvás időtúllépés,Ruhezustand-Timeout,Délai de Veille,Slaap Time-out,Tempo de Suspensão,スリープ時間,Tempo de espera,Timeout sospensione,Время до сна,Czas uśpienia,Vilolägestid,절전 시간
_L_APP_SET_LANGUAGE,Language,语言设置,語言設置,Idioma,Nyelv,Sprache,Langue,Taal,Idioma,言語,Idioma,Lingua,Язык,Język,Språk,언어
_L_APP_SET_GO_SLEEP,Go Sleep,进入休眠,進入休眠,Ir a Dormir,Alvás,Ruhezustand,Mettre en Veille,Slaapstand,Modo de Suspensão,スリープ,Suspender,Sospendi,Сон,Uśpij,Viloläge,절전 모드
_L_APP_SET_DFU,Firmware Update,固件升级,固件升級,Actualizar Firmware,Firmware frissítés,Firmware-Update,Mise à Jour du Firmware,Firmware-update,Atualização de Firmware,FW 更新,Atualização de Firmware,Aggiornamento firmware,Обновление прошивки,Aktualizacja oprogramowania,Uppdatera firmware,펌웨어 업데이트
_L_APP_SET_REBOOT,System Reboot,系统重启,系統重啓,Reiniciar Sistema,Rendszer újraindítása,Systemneustart,Redémarrage Système,Systeem Herstarten,Reiniciar Sistema,再起動,Reiniciar o sistema,Riavvio del sistema,Перезагрузка системы,Restart systemu,Starta om systemet,시스템 재부팅
_L_APP_SET_RESET_DEFAULT,Reset Default Setting,恢复默认设置,恢復默認設置,Restablecer Ajustes,Alapértelmezések visszaállítása,Standardeinst. wiederherstellen,Réinitialiser les Paramètres,Standaardinstellingen Herstellen,Redefinir Padrão,設定の初期化,Repor definições,Ripristina impostazioni,Сброс настроек,Przywróć ustawienia domyślne,Återställ standardinställningar,기본값 재설정
_L_APP_SET_RESET_DEFAULT_SUCCESS,Reset Success!,恢复成功!,恢復成功!,¡Restablecimiento Exitoso!,Visszaállítás sikeres!,Zurücksetzen erfolgreich!,Réinitialisation Réussie!,Reset Geslaagd!,Redefinição Bem-sucedida!,初期化しました,Reposto com sucesso!,Ripristino riuscito!,Сброс выполнен!,Zresetowano pomyślnie!,Återställning lyckades!,재설정 성공!
_L_APP_SET_RESET_DEFAULT_CONFIRM,Confirm Reset Settings?,确认恢复默认设置?,確認恢復默認設置?,¿Confirmar Restablecimiento?,Megerősíti a visszaállítást?,Einstellungen zurücksetzen?,Confirmer la Réinitialisation ?,Instellingen Herstellen?,Confirmar Redefinição?,設定を初期化しますか？,Confirmar reposição?,Confermare il ripristino?,Сбросить настройки?,Potwierdź reset ustawień?,Bekräfta återställning?,설정을 초기화할까요?
_L_APP_SET_ABOUT,About Device,关于设备,關於設備,Acerca del Dispositivo,Eszköz névjegye,Über das Gerät,À Propos de l'Appareil,Over Apparaat,Sobre o Dispositivo,デバイスについて,Sobre o dispositivo,Info dispositivo,Об устройстве,O urządzeniu,Om enheten,기기 정보
_L_APP_SET_ABOUT_OPEN_SOURCE_PROJECT,Open Source Project,开源项目,開源項目,Proyecto de Código Abierto,Nyílt forráskódú projekt,Open-Source-Projekt,Projet Open Source,Open Source Project,Projeto de Código Aberto,オープンソース,Projeto de código aberto,Progetto Open Source,Open Source проект,Projekt Open Source,Öppen källkodsprojekt,오픈 소스 프로젝트
_L_APP_SET_ABOUT_LGPL_LICENSE,GPL 2.0 License,GPL 2.0 协议,GPL 2.0 協議,Licencia GPL 2.0,GPL 2.0 Licenc,GPL 2.0 Lizenz,Licence GPL 2.0,GPL 2.0 Licentie,Licença GPL 2.0,GPL 2.0 ライセンス,Licença GPL 2.0,Licenza GPL 2.0,Лицензия GPL 2.0,Licencja GPL 2.0,GPL 2.0-licens,GPL 2.0 라이선스
_L_APP_SET_APP_MGMT,App Management,应用管理,應用管理,Gestión de Apps,Alkalmazáskezelés,App-Verwaltung,Gestion des Applications,App-beheer,Gerenciamento de Apps,アプリ管理,Gestão de aplicações,Gestione app,Управление приложениями,Zarządzanie aplikacjami,Apphantering,앱 관리
_L_15S,15 Seconds,15 秒,15 秒,15 Segundos,15 másodperc,15 Sekunden,15 Secondes,15 Seconden,15 Segundos,15 秒,15 Segundos,15 Secondi,15 секунд,15 Sekund,15 sekunder,15초
_L_30S,30 Seconds,30 秒,30 秒,30 Segundos,30 másodperc,30 Sekunden,30 Secondes,30 Seconden,30 Segundos,30 秒,30 Segundos,30 Secondi,30 секунд,30 Sekund,30 sekunder,30초
_L_45S,45 Seconds,45 秒,45 秒,45 Segundos,45 másodperc,45 Sekunden,45 Secondes,45 Seconden,45 Segundos,45 秒,45 Segundos,45 Secondi,45 секунд,45 Sekund,45 sekunder,45초
_L_1MIN,1 Minute,1 分钟,1 分鐘,1 Minuto,1 perc,1 Minute,1 Minute,1 Minuut,1 Minuto,1 分,1 Minuto,1 Minuto,1 минута,1 Minuta,1 minut,1분
_L_2MIN,2 Minutes,2 分钟,2 分鐘,2 Minutos,2 perc,2 Minuten,2 Minutes,2 Minuten,2 Minutos,2 分,2 Minutos,2 Minuti,2 минуты,2 Minuty,2 minuter,2분
_L_3MIN,3 Minutes,3 分钟,3 分鐘,3 Minutos,3 perc,3 Minuten,3 Minutes,3 Minuten,3 Minutos,3 分,3 Minutos,3 Minuti,3 минуты,3 Minuty,3 minuter,3분
_L_AMIIBO_KEY_UNLOADED,Amiibo Key not loaded,Key文件未加载,Key文件未加載,Clave Amiibo no cargada,Amiibo kulcs nincs betöltve,Amiibo-Schlüssel nicht geladen,Clé Amiibo Non Chargée,Amiibo-sleutel niet geladen,Chave Amiibo não carregada,Amiibo Key未読み込み,Chave Amiibo não carregada,Chiave Amiibo non caricata,Ключ Amiibo не загружен,Klucz Amiibo niezaładowany,Amiibo-nyckel inte laddad,Amiibo 키 미로드
_L_UPLOAD_KEY_RETAIL_BIN,Upload the file key_retail.bin to the root directory of the storage.,请上传 key_retail.bin 到存储根目录,請上傳 key_retail.bin 到存儲根目錄,"Suba el archivo key_retail.bin al directorio raíz del almacenamiento.","Töltse fel a key_retail.bin fájlt a tárhely gyökérkönyvtárába.","Laden Sie die Datei key_retail.bin in das Stammverzeichnis des Speichers hoch.","Téléchargez le fichier key_retail.bin dans le répertoire racine du stockage.","Upload het bestand key_retail.bin naar de hoofdmap van de opslag.","Envie o arquivo key_retail.bin para o diretório raiz do armazenamento.","key_retail.bin をルートディレクトリに保存してください","Carregue o ficheiro key_retail.bin para a raiz do armazenamento.","Caricare il file key_retail.bin nella directory principale dell'archiviazione.","Загрузите файл key_retail.bin в корневой каталог хранилища.","Prześlij plik key_retail.bin do katalogu głównego pamięci.","Ladda upp filen key_retail.bin till roten av lagringsutrymmet.",key_retail.bin 파일을 저장소 루트에 업로드하세요.
_L_KNOW,Got it,知道了,知道瞭,Entendido,Értem,Verstanden,Compris,Begrepen,Entendi,了解,Entendido,Capito,Понятно,Zrozumiałem,Uppfattat,확인
_L_RANDOM_GENERATION,Rand. Tag,随机数据,隨機數據,Tag Aleatorio,Véletlen tag,Zufälliger Tag,Tag Aléatoire,Willekeurige Tag,Tag Aleatória,ランダムタグ,Tag aleatória,Tag casuale,Случ. тег,Losowy tag,Slumpmässig tagg,랜덤 태그
_L_AUTO_RANDOM_GENERATION,Auto Rand.,自动随机,自動隨機,Aleatorio Auto,Auto véletlen,Auto-Zufall,Aléatoire Auto,Auto Willekeurig,Aleatório Auto,自動ランダム,Aleatório auto.,Casuale auto.,Авто случ.,Auto losowy,Auto slumpmässig,자동 랜덤
_L_SET_CUSTOM_ID,Set Custom ID,自定义ID,自定義ID,Establecer ID Personalizado,Egyedi ID beállítása,Benutzer-ID festlegen,Définir ID Personnalisé,Stel Aangepaste ID In,Definir ID Personalizado,カスタムID設定,Definir ID personalizado,Imposta ID personalizzato,Уст. польз. ID,Ustaw własne ID,Ange anpassat ID,ID 직접 설정
_L_INPUT_ID,Input ID,输入ID,輸入ID,Ingresar ID,ID megadása,ID eingeben,Saisir ID,Voer ID In,Inserir ID,ID入力,Inserir ID,Inserisci ID,Введите ID,Wprowadź ID,Mata in ID,ID 입력
_L_INAVLID_ID,Invalid ID,无效的ID,無效的ID,ID Inválido,Érvénytelen ID,Ungültige ID,ID Invalide,Ongeldige ID,ID Inválido,無効なID,ID inválido,ID non valido,Неверный ID,Nieprawidłowe ID,Ogiltigt ID,유효하지 않은 ID
_L_SHOW_QRCODE,Display QR Code,显示二维码,顯示二維碼,Mostrar Código QR,QR-kód megjelenítése,QR-Code anzeigen,Afficher Code QR,QR-code Weergeven,Mostrar Código QR,QRコード表示,Mostrar código QR,Mostra codice QR,Показать QR-код,Wyświetl kod QR,Visa QR-kod,QR 코드 표시
_L_READ_ONLY,Read-only,只读模式,只讀模式,Solo Lectura,Csak olvasható,Schreibgeschützt,Lecture Seule,Alleen Lezen,Somente Leitura,読み取り専用,Apenas leitura,Sola lettura,Только чтение,Tylko do odczytu,Endast läsning,읽기 전용
_L_DELETE_TAG,Delete Tag,删除文件,刪除文件,Eliminar Tag,Tag törlése,Tag löschen,Supprimer le Tag,Tag Verwijderen,Excluir Tag,タグ削除,Apagar tag,Elimina tag,Удалить тег,Usuń tag,Ta bort tagg,태그 삭제
_L_DELETE_TAG_CONFIRM,Confirm Delete %s ?,确认删除 %s ?,確認刪除 %s ?,¿Confirmar Eliminar %s ?,Biztosan törli a(z) %s-t?,%s wirklich löschen?,Confirmer la Suppression de %s ?,Bevestig Verwijderen %s ?,Confirmar Exclusão de %s ?,%s を削除しますか？,Confirmar apagar %s ?,Confermare eliminazione %s ?,Удалить %s ?,Potwierdź usunięcie %s ?,Bekräfta borttagning %s ?,%s 삭제 확인?
_L_BACK_TO_DETAILS,Back to Tag Details,返回详情页,返回詳情頁,Volver a Detalles del Tag,Vissza a tag részleteihez,Zurück zu Tag-Details,Retour aux Détails du Tag,Terug naar Tag-details,Voltar aos Detalhes da Tag,詳細に戻る,Voltar aos detalhes da tag,Torna ai dettagli tag,Назад к деталям тега,Wróć do szczegółów taga,Tillbaka till taggdetaljer,태그 상세로
_L_BACK_TO_FILE_LIST,Back to File List,返回文件列表,返回文件列表,Volver a Lista de Archivos,Vissza a fájllistához,Zurück zur Dateiliste,Retour à la Liste des Fichiers,Terug naar Bestandenlijst,Voltar à Lista de Arquivos,リストに戻る,Voltar à lista de ficheiros,Torna all'elenco file,Назад к списку файлов,Wróć do listy plików,Tillbaka till fillistan,파일 목록으로
_L_BACK_TO_MAIN_MENU,Back to Main Menu,返回主菜单,返回主菜單,Volver al Menú Principal,Vissza a főmenübe,Zurück zum Hauptmenü,Retour au Menu Principal,Terug naar Hoofdmenu,Voltar ao Menu Principal,メインに戻る,Voltar ao menu principal,Torna al menu principale,Назад в главное меню,Wróć do menu głównego,Tillbaka till huvudmenyn,메인 메뉴로
_L_FORMAT,Format,格式化,格式化,Formatear,Formázás,Formatieren,Formater,Formatteren,Formatar,フォーマット,Formatar,Formatta,Форматировать,Formatuj,Formatera,포맷
_L_FORMAT_STORAGE,Format Storage,格式化存储,格式化存儲,Formatear Almacenamiento,Tárhely formázása,Speicher formatieren,Formater le Stockage,Opslag Formatteren,Formatar Armazenamento,ストレージ初期化,Formatar armazenamento,Formatta archiviazione,Форматировать хранилище,Formatuj pamięć,Formatera lagring,저장소 포맷
_L_DELETE_ALL_DATA,This will delete all data. Confirm format?,将删除所有数据\n确认格式化?,將刪除所有數據\n確認格式化?,Esto borrará todos los datos. ¿Confirmar?,Ez törli az összes adatot. Megerősíti a formázást?,Dies löscht alle Daten. Formatierung bestätigen?,Ceci supprimera toutes les données. Confirmer ?,Dit verwijdert alle gegevens. Formatteren bevestigen?,Isso apagará todos os dados. Confirmar formatação?,全てのデータが削除されます。\\nフォーマットしますか？,Isto apagará todos os dados. Confirmar formatação?,Questo cancellerà tutti i dati. Confermare formattazione?,Это удалит все данные. Подтвердить?,To usunie wszystkie dane. Potwierdzić formatowanie?,Detta raderar all data. Bekräfta formatering?,모든 데이터가 삭제됩니다. 포맷할까요?
_L_DELETING_MESSAGE,Formatting ...,格式化中...,格式化中...,Formateando...,Formázás folyamatban...,Wird formatiert...,Formatage en cours...,Formatteren...,Formatando...,フォーマット中...,A formatar...,Formattazione...,Форматирование...,Formatowanie...,Formaterar...,포맷 중...
_L_MESSAGE,Message,信息,信息,Mensaje,Üzenet,Nachricht,Message,Bericht,Mensagem,メッセージ,Mensagem,Messaggio,Сообщение,Wiadomość,Meddelande,메시지
_L_CONFIRM,Confirm,确认,確認,Confirmar,Megerősítés,Bestätigen,Confirmer,Bevestigen,Confirmar,OK,Confirmar,Conferma,Подтвердить,Potwierdź,Bekräfta,확인
_L_CANCEL,Cancel,取消,取消,Cancelar,Mégse,Abbrechen,Annuler,Annuleren,Cancelar,キャンセル,Cancelar,Annulla,Отмена,Anuluj,Avbryt,취소
_L_BACK_TO_LIST,Back List,返回列表,返回列表,Volver a Lista,Vissza a listához,Zurück zur Liste,Retour à la Liste,Terug naar Lijst,Voltar à Lista,リストに戻る,Voltar à lista,Torna all'elenco,Назад к списку,Wróć do listy,Tillbaka till listan,목록으로
_L_NOT_MOUNTED,Not Mounted,未挂载,未掛載,No Montado,Nincs csatlakoztatva,Nicht eingehängt,Non Monté,Niet Gemonteerd,Não Montado,マウントなし,Não montado,Non montato,Не смонтировано,Niezamontowany,Inte monterad,마운트 안됨
_L_MOUNTED_LFS,===Mounted[LFS]===,===LFS已挂载===,===LFS已掛載===,===Montado[LFS]===,===Csatlakoztatva[LFS]===,===Eingehängt[LFS]===,===Monté[LFS]===,===Gemonteerd[LFS]===,===Montado[LFS]===,===マウント[LFS]===,===Montado[LFS]===,===Montato[LFS]===,===Смонтировано[LFS]===,===Zamontowano[LFS]===,===Monterad[LFS]===,===마운트됨[LFS]===
_L_MOUNTED_FFS,===Mounted[FFS]===,===FAT已挂载===,===FAT已掛載===,===Montado[FFS]===,===Csatlakoztatva[FFS]===,===Eingehängt[FFS]===,===Monté[FFS]===,===Gemonteerd[FFS]===,===Montado[FFS]===,===マウント[FFS]===,===Montado[FFS]===,===Montato[FFS]===,===Смонтировано[FFS]===,===Zamontowano[FFS]===,===Monterad[FFS]===,===마운트됨[FFS]===
_L_TOTAL_SPACE,Total,总空间,總空間,Total,Összesen,Gesamt,Total,Totaal,Total,合計,Total,Totale,Всего,Całkowita,Totalt,전체
_L_AVAILABLE_SPACE,Free,剩余空间,剩餘空間,Libre,Szabad,Frei,Libre,Vrij,Livre,空き,Livre,Libero,Свободно,Wolna,Ledigt,여유
_L_NOT_AMIIBO_FILE,This is not Amiibo file,这不是Amiibo数据文件,這不是Amiibo數據文件,Este no es un archivo Amiibo,Ez nem Amiibo fájl,Dies ist keine Amiibo-Datei,Ce n'est pas un fichier Amiibo,Dit is geen Amiibo-bestand,Isto não é um arquivo Amiibo,Amiiboファイルではありません,Isto não é um ficheiro Amiibo,Questo non è un file Amiibo,Это не файл Amiibo,To nie jest plik Amiibo,Detta är inte en Amiibo-fil,Amiibo 파일 아님
_L_READ_FILE_FAILED,Failed read the file,读取文件失败,讀取文件失敗,Error al leer el archivo,A fájl olvasása sikertelen,Lesen der Datei fehlgeschlagen,Échec de la lecture du fichier,Lezen bestand mislukt,Falha ao ler o arquivo,読み込み失敗,Falha ao ler o ficheiro,Lettura del file fallita,Не удалось прочитать файл,Nie udało się odczytać pliku,Misslyckades att läsa filen,파일 읽기 실패
_L_INPUT_FOLDER_NAME,Input Folder Name:,输入文件夹名:,輸入文件夾名:,Nombre de Carpeta:,Mappa neve:,Ordnername eingeben:,Nom du Dossier :,Voer Mapnaam In:,Nome da Pasta:,フォルダ名入力:,Nome da pasta:,Inserisci nome cartella:,Имя папки:,Wprowadź nazwę folderu:,Mata in mappnamn:,폴더명 입력:
_L_INPUT_AMIIBO_NAME,Input Amiibo Name:,输入Amiibo文件名:,輸入Amiibo文件名:,Nombre de Amiibo:,Amiibo neve:,Amiibo-Name eingeben:,Nom de l'Amiibo :,Voer Amiibo-naam In:,Nome do Amiibo:,Amiibo名入力:,Nome do Amiibo:,Inserisci nome Amiibo:,Имя Amiibo:,Wprowadź nazwę Amiibo:,Mata in Amiibo-namn:,Amiibo 이름 입력:
_L_DELETE_FILE,Delete %s ?,删除 %s ?,刪除 %s ?,¿Eliminar %s ?,Törli a(z) %s-t?,%s löschen?,Supprimer %s ?,Verwijder %s ?,Excluir %s ?,%s を削除しますか？,Apagar %s ?,Eliminare %s ?,Удалить %s ?,Usunąć %s ?,Ta bort %s ?,%s 삭제?
_L_DELETE,Delete...,删除...,刪除...,Eliminar...,Törlés...,Löschen...,Supprimer...,Verwijderen...,Excluir...,削除...,Apagar...,Elimina...,Удалить...,Usuń...,Ta bort...,삭제...
_L_TIPS,Confirm,提示,提示,Confirmar,Megerősítés,Bestätigen,Confirmer,Tip,Dica,確認,Dica,Conferma,Подтвердить,Wskazówka,Tips,확인
_L_INPUT_NEW_NAME,Input New Name:,输入新名字:,輸入新名字:,Nuevo Nombre:,Új név megadása:,Neuen Namen eingeben:,Saisir Nouveau Nom :,Voer Nieuwe Naam In:,Novo Nome:,新しい名前:,Novo nome:,Inserisci nuovo nome:,Новое имя:,Wprowadź nową nazwę:,Mata in nytt namn:,새 이름 입력:
_L_INVALID_INPUT,Invalid Input,无效的输入,無效的輸入,Entrada Inválida,Érvénytelen bemenet,Ungültige Eingabe,Entrée Invalide,Ongeldige Invoer,Entrada Inválida,無効な入力,Entrada inválida,Input non valido,Неверный ввод,Nieprawidłowe dane,Ogiltig inmatning,잘못된 입력
_L_CREATE_NEW_FOLDER,Create New Folder...,新建文件夹...,新建文件夾...,Crear Nueva Carpeta...,Új mappa létrehozása...,Neuen Ordner erstellen...,Créer un Nouveau Dossier...,Nieuwe Map Maken...,Criar Nova Pasta...,新規フォルダ作成...,Criar nova pasta...,Crea nuova cartella...,Создать новую папку...,Utwórz nowy folder...,Skapa ny mapp...,새 폴더...
_L_CREATE_NEW_TAG,Create New Tag...,新建Amiibo...,新建Amiibo...,Crear Nuevo Tag...,Új tag létrehozása...,Neuen Tag erstellen...,Créer un Nouveau Tag...,Nieuwe Tag Maken...,Criar Nova Tag...,新規タグ作成...,Criar nova tag...,Crea nuovo tag...,Создать новый тег...,Utwórz nowy tag...,Skapa ny tagg...,새 태그...
_L_CREATE_NEW_TAG_BATCH,Batch Create New Tag...,批量新建Amiibo...,批量新建Amiibo...,Crear Tags por Lotes...,Tag-ek kötegelt létrehozása...,Tags stapelweise erstellen...,Création de Tags par Lot...,Batch Nieuwe Tag Maken...,Criar Tags em Lote...,一括タグ作成...,Criar tags em lote...,Crea nuovi tag in batch...,Пакетное создание тегов...,Wsadowe tworzenie tagów...,Skapa nya taggar i batch...,태그 일괄 생성...
_L_INPUT_TAG_NUM,Input Tag Number：,输入数量：,輸入數量：,Ingresar Número de Tags:,Tag-ek száma:,Tag-Anzahl eingeben:,Saisir Nombre de Tags :,Voer Tagnummer In:,Nº de Tags:,タグ数入力:,Nº de tags:,Inserisci numero tag:,Количество тегов:,Wprowadź liczbę tagów:,Mata in taggnummer:,태그 번호 입력:
_L_CREATE_TOO_MANY_NUM,Only max %d tags created in a batch.,批量创建最大数量为 %d,批量創建最大數量爲 %d,Máx %d tags por lote.,Csak max %d tag hozható létre egyszerre.,Maximal %d Tags pro Stapel.,Max %d tags créés par lot.,Slechts max %d tags per batch.,Máx %d tags por lote.,一度に作成できるのは最大 %d 個です。,Máx %d tags criadas num lote.,Solo max %d tag creati in un batch.,Максимум %d тегов за раз.,Maksymalnie %d tagów w serii.,Endast max %d taggar skapade i en batch.,한 번에 최대 %d개 태그만 생성 가능.
_L_CREATING_TAG_BATCH,Creating tag,创建中...,創建中...,Creando tag,Tag létrehozása,Tag wird erstellt,Création du tag,Tag Maken...,Criando tag,作成中...,A criar tag...,Creazione tag...,Создание тега...,Tworzenie taga...,Skapar tagg...,태그 생성 중
_L_CREATING_TAG_FAILED,Create tag %s failed!,创建 %s 失败,創建 %s 失敗,¡Creación de tag %s fallida!,%s tag létrehozása sikertelen!,Erstellen von Tag %s fehlgeschlagen!,Échec de la création du tag %s !,Tag %s maken mislukt!,Falha ao criar tag %s!,%s 作成失敗!,Falha ao criar tag %s!,Creazione tag %s fallita!,Создание тега %s не удалось!,Nie udało się utworzyć taga %s!,Misslyckades att skapa tagg %s!,태그 %s 생성 실패!
_L_RENAME,Rename...,重命名...,重命名...,Renombrar...,Átnevezés...,Umbenennen...,Renommer...,Hernoemen...,Renomear...,名前変更...,Renomear...,Rinomina...,Переименовать...,Zmień nazwę...,Byt namn...,이름 변경...
_L_OPEN_FOLDER_FAILED,Failed to open folder,打开文件夹失败,打開文件夾失敗,Error al abrir carpeta,Mappa megnyitása sikertelen,Öffnen des Ordners fehlgeschlagen,Échec de l'ouverture du dossier,Map openen mislukt,Falha ao abrir pasta,フォルダを開けません,Falha ao abrir pasta,Apertura cartella fallita,Не удалось открыть папку,Nie udało się otworzyć folderu,Misslyckades att öppna mappen,폴더 열기 실패
_L_RENAME_FAILED,Failed to rename\nError code,重命名失败\n错误码,重命名失敗\n錯誤碼,Error al renombrar\nCódigo error,Átnevezés sikertelen\nHibakód,Umbenennen fehlgeschlagen\nFehlercode,Échec du renommage\nCode d'erreur,Hernoemen mislukt\nFoutcode,Falha ao renomear\nCód. Erro,名前変更失敗\nエラーコード,Falha ao renomear\nCód. erro,Rinomina fallita\nCodice errore,Не удалось переименовать\nКод ошибки,Zmiana nazwy nieudana\nKod błędu,Misslyckades att byta namn\nFelkod,이름 변경 실패\n오류 코드
_L_MAIN_RETURN,[RETURN],[返回],[返回],[VOLVER],[VISSZA],[ZURÜCK],[RETOUR],[TERUG],[VOLTAR],[戻る],[VOLTAR],[RITORNA],[НАЗАД],[POWRÓT],[TILLBAKA],[복귀]
_L_RANDOM_MODE_MANUAL,Randomize (Manual),手动切换数据,手動切換數據,Aleatorio (Manual),Véletlenszerű (Kézi),Zufällig (Manuell),Aléatoire (Manuel),Willekeurig (Handmatig),Aleatório (Manual),ランダム (手動),Aleatório (manual),Casuale (Manuale),Случайно (Ручн.),Losowo (Ręcznie),Slumpmässig (Manuell),랜덤 (수동)
_L_RANDOM_MODE_AUTO,Randomize (Auto),自动切换数据,自動切換數據,Aleatorio (Auto),Véletlenszerű (Auto),Zufällig (Auto),Aléatoire (Auto),Willekeurig (Auto),Aleatório (Auto),ランダム (自動),Aleatório (auto),Casuale (Auto),Случайно (Авто),Losowo (Auto),Slumpmässig (Auto),랜덤 (자동)
_L_SEQUENCE_MODE,Sequential mode,顺序切换数据,順序切換數據,Modo Secuencial,Szekvenciális mód,Sequenzieller Modus,Mode Séquentiel,Sequentiële Modus,Modo Sequencial,シーケンシャル,Modo sequencial,Modo sequenziale,Послідовний режим,Tryb sekwencyjny,Sekventiellt läge,순차 모드
_L_READ_WRITE_MODE,Read-write mode,读写模式,讀寫模式,Modo Lectura-Escritura,Írás-olvasás mód,Lese-Schreib-Modus,Mode Lecture-Écriture,Lees-schrijf Modus,Modo Leitura-Escrita,読み書きモード,Modo leitura-escrita,Modo lettura-scrittura,Режим чтения/записи,Tryb odczytu-zapisu,Läs-skriv-läge,읽기/쓰기 모드
_L_AMIIBOLINK_V1,V1,一代模式,一代模式,V1,V1,V1,V1,V1,V1,V1,V1,V1,V1,V1,V1,V1
_L_AMIIBOLINK_V2,V2,二代模式,二代模式,V2,V2,V2,V2,V2,V2,V2,V2,V2,V2,V2,V2,V2
_L_AMILOOP,AmiLoop,AmiLoop模式,AmiLoop模式,AmiLoop,AmiLoop,AmiLoop,AmiLoop,AmiLoop,AmiLoop,AmiLoop,AmiLoop,AmiLoop,AmiLoop,AmiLoop,AmiLoop,AmiLoop
_L_MODE,Mode,模式,模式,Modo,Mód,Modus,Mode,Modus,Modo,モード,Modo,Modalità,Режим,Tryb,Läge,모드
_L_AUTO_RANDOM,Auto Random.,自动随机,自動隨機,Aleatorio Auto.,Auto véletlen,Auto-Zufall,Aléatoire Auto.,Auto Willekeurig.,Aleatório Auto.,自動ランダム,Aleatório auto.,Casuale auto.,Авто случ.,Auto losowy,Auto slumpmässig,자동 랜덤
_L_COMPATIBLE_MODE,Compati. Mode,兼容模式,兼容模式,Modo Compatib.,Kompatibilis mód,Kompatibilitätsmodus,Mode Compat.,Compatibele Modus,Modo Compat.,互換モード,Modo compat.,Modo compat.,Совместимый режим,Tryb zgodności,Kompatibelt läge,호환 모드
_L_TAG_DETAILS,[Tag Details],[详情],[詳情],[Detalles del Tag],[Tag részletei],[Tag-Details],[Détails du Tag],[Tag-details],[Detalhes da Tag],[詳細],[Detalhes da tag],[Dettagli tag],[Детали тега],[Szczegóły taga],[Taggdetaljer],[태그 상세]
_L_MAIN_MENU,[Main Menu],[主菜单],[主菜單],[Menú Principal],[Főmenü],[Hauptmenü],[Menu Principal],[Hoofdmenu],[Menu Principal],[メイン],[Menu principal],[Menu principale],[Главное меню],[Menu główne],[Huvudmeny],[메인 메뉴]
_L_MODE_RANDOM,Rand. (Manual),随机(手动),隨機(手動),Aleat. (Manual),Véletlen (Kézi),Zufall (Man.),Aléat. (Manuel),Willek. (Handm.),Aleat. (Manual),ランダム (手動),Aleat. (manual),Casuale (Manuale),Случ. (Ручн.),Los. (Ręcz.),Slump. (Man.),랜덤 (수동)
_L_MODE_CYCLE,Sequential,顺序,順序,Secuencial,Szekvenciális,Sequenziell,Séquentiel,Sequentieel,Sequencial,順次,Sequencial,Sequenziale,Послідовно,Sekwencyjnie,Sekventiell,순차
_L_MODE_NTAG,Read/Write,读写,讀寫,Lec./Esc.,Írás/Olvasás,Lesen/Schreiben,Lec./Écr.,Lezen/Schrijven,Leitura/Escrita,読み書き,Leitura/Escrita,Lett./Scritt.,Чтение/Запись,Odczyt/Zapis,Läs/Skriv,읽기/쓰기
_L_MODE_RANDOM_AUTO_GEN,Rand. (Auto),随机(自动),隨機(自動),Aleat. (Auto),Véletlen (Auto),Zufall (Auto),Aléat. (Auto),Willek. (Auto),Aleat. (Auto),ランダム (自動),Aleat. (auto),Casuale (Auto),Случ. (Авто),Los. (Auto),Slump. (Auto),랜덤 (자동)
_L_BLANK_TAG,Blank NFC tag,空白NFC卡,空白NFC卡,Tag NFC Vacío,Üres NFC tag,Leerer NFC-Tag,Tag NFC Vierge,Lege NFC-tag,Tag NFC Vazia,空のNFCタグ,Tag NFC vazia,Tag NFC vuoto,Пустой тег NFC,Pusty tag NFC,Tom NFC-tagg,빈 NFC 태그
_L_APP_AMIIDB,Amiibo Database,数据库,數據庫,Base de Datos Amiibo,Amiibo adatbázis,Amiibo-Datenbank,Base de Données Amiibo,Amiibo Database,Base de Dados Amiibo,データベース,Base de dados Amiibo,Database Amiibo,База данных Amiibo,Baza danych Amiibo,Amiibo-databas,Amiibo 데이터베이스
_L_APP_AMMIDB_BROWSER,Browser...,浏览...,瀏覽...,Explorador...,Böngésző...,Browser...,Navigateur...,Browser...,Navegador...,ブラウザ...,Navegador...,Browser...,Обзор...,Przeglądarka...,Webbläsare...,탐색기...
_L_APP_AMIIDB_SEARCH,Search...,搜索...,搜索...,Buscar...,Keresés...,Suchen...,Recherche...,Zoeken...,Pesquisar...,検索...,Pesquisar...,Cerca...,Поиск...,Szukaj...,Sök...,검색...
_L_APP_AMIIDB_MY_FAVORITES,My Favorites...,收藏夹...,收藏夾...,Mis Favoritos...,Kedvencek...,Meine Favoriten...,Mes Favoris...,Mijn Favorieten...,Meus Favoritos...,お気に入り...,Meus favoritos...,I miei preferiti...,Избранное...,Ulubione...,Mina favoriter...,즐겨찾기...
_L_APP_AMIIDB_MY_TAGS,My Amiibo...,我的文件...,我的文件...,Mis Amiibos...,Saját Amiibo...,Meine Amiibos...,Mes Amiibos...,Mijn Amiibos...,Meus Amiibos...,マイファイル...,Meus Amiibos...,I miei Amiibo...,Мои Amiibo...,Moje Amiibo...,Mina Amiibos...,내 Amiibo...
_L_APP_AMIIDB_SETTINGS,Settings...,设置...,設置...,Ajustes...,Beállítások...,Einstellungen...,Paramètres...,Instellingen...,Configurações...,設定...,Definições...,Impostazioni...,Настройки...,Ustawienia...,Inställningar...,설정...
_L_APP_AMIIDB_EXIT,[Exit],[退出],[退出],[Salir],[Kilépés],[Beenden],[Quitter],[Afsluiten],[Sair],[終了],[Sair],[Esci],[Выход],[Wyjście],[Avsluta],[종료]
_L_APP_AMIIDB_BACK,[Back],[返回],[返回],[Volver],[Vissza],[Zurück],[Retour],[Terug],[Voltar],[戻る],[Voltar],[Indietro],[Назад],[Wróć],[Tillbaka],[뒤로]
_L_APP_AMIIDB_SETTINGS_AMIIBO_KEY,Keys,Key文件,Key文件,Claves,Kulcsok,Schlüssel,Clés,Sleutels,Chaves,Key,Chaves,Chiavi,Ключи,Klucze,Nycklar,키
_L_APP_AMIIDB_SETTINGS_AMIIBO_KEY_LOADED,Loaded,已加载,已加載,Cargado,Betöltve,Geladen,Chargé,Geladen,Carregado,済み,Carregado,Caricato,Загружено,Załadowano,Laddad,로드됨
_L_APP_AMIIDB_SETTINGS_AMIIBO_KEY_NOT_LOADED,NOT Loaded,未加载,未加載,NO Cargado,NINCS Betöltve,NICHT Geladen,NON Chargé,NIET Geladen,NÃO Carregado,未設定,NÃO carregado,NON caricato,НЕ Загружено,NIE Załadowano,INTE laddad,미로드
_L_APP_AMIIDB_SETTINGS_SLOT_NUM,Slot Num.,卡槽数量,卡槽數量,Núm. Ranura,Hely száma,Slot-Nr.,Num. Slot,Slot Nr.,Núm. Slot,スロット数,Núm. slot,Num. Slot,Номер слота,Liczba slotów,Slotnummer,슬롯 수
_L_APP_AMIIDB_DETAIL_FAVORITE,Favorite...,收藏...,收藏...,Favorito...,Kedvencek...,Favorit...,Favori...,Favoriet...,Favorito...,お気に入り追加...,Favorito...,Preferito...,В избранное...,Ulubione...,Favorit...,즐겨찾기...
_L_APP_AMIIDB_DETAIL_SAVE_AS,Save As...,另存为...,另存爲...,Guardar Como...,Mentés másként...,Speichern unter...,Enregistrer sous...,Opslaan Als...,Salvar Como...,別名保存...,Guardar como...,Salva come...,Сохранить как...,Zapisz jako...,Spara som...,다른 이름 저장...
_L_APP_AMIIDB_DETAIL_BACK_DETAIL,[Back to Detail],[返回详情],[返回詳情],[Volver a Detalle],[Vissza a részletekhez],[Zurück zu Details],[Retour aux Détails],[Terug naar Detail],[Voltar ao Detalhe],[詳細に戻る],[Voltar ao detalhe],[Torna al dettaglio],[Назад к деталям],[Wróć do szczegółów],[Tillbaka till detalj],[상세로 복귀]
_L_APP_AMIIDB_DETAIL_BACK_LIST,[Back to List],[返回列表],[返回列表],[Volver a Lista],[Vissza a listához],[Zurück zur Liste],[Retour à la Liste],[Terug naar Lijst],[Voltar à Lista],[リストに戻る],[Voltar à lista],[Torna all'elenco],[Назад к списку],[Wróć do listy],[Tillbaka till listan],[목록으로 복귀]
_L_APP_AMIIDB_SEARCH_HEAD,Search:,搜索:,搜索:,Buscar:,Keresés:,Suche:,Recherche :,Zoeken:,Pesquisar:,検索:,Pesquisar:,Cerca:,Поиск:,Szukaj:,Sök:,검색:
_L_APP_AMIIDB_MORE,[More...],[更多...],[更多...],[Más...],[Több...],[Mehr...],[Plus...],[Meer...],[Mais...],[もっと...],[Mais...],[Altro...],[Ещё...],[Więcej...],[Mer...],[더 보기...]
_L_APP_AMIIDB_MORE_MESSAGE,Too many results. Try a more specific search.,结果太多, 请尝试更精确的关键字。,結果太多, 請嘗試更精確的關鍵字。,Demasiados resultados. Búsqueda más específica.,Túl sok találat. Próbáljon pontosabb keresést.,Zu viele Ergebnisse. Spezifischer suchen.,Trop de résultats. Essayez une recherche plus précise.,Te veel resultaten. Probeer een specifiekere zoekopdracht.,Muitos resultados. Tente uma busca mais específica.,結果が多すぎます。キーワードを増やしてください。,Muitos resultados. Tente uma pesquisa mais específica.,Troppi risultati. Prova una ricerca più specifica.,Слишком много результатов. Уточните поиск.,Za dużo wyników. Spróbuj bardziej szczegółowego wyszukiwania.,För många resultat. Försök med en mer specifik sökning.,결과가 너무 많습니다. 상세히 검색하세요.
_L_APP_AMIIDB_EMPTY_TAG,<Blank Amiibo>,<空白数据>,<空白數據>,<Amiibo Vacío>,<Üres Amiibo>,<Leerer Amiibo>,<Amiibo Vierge>,<Lege Amiibo>,<Amiibo Vazio>,<空データ>,<Amiibo vazio>,<Amiibo vuoto>,<Пустой Amiibo>,<Pusty Amiibo>,<Tom Amiibo>,<빈 Amiibo>
_L_APP_AMIIDB_SLOT_DELETE,Reset...,重置...,重置...,Restablecer...,Visszaállítás...,Zurücksetzen...,Réinitialiser...,Resetten...,Redefinir...,リセット...,Repor...,Ripristina...,Сброс...,Resetuj...,Återställ...,초기화...
_L_APP_AMIIDB_CONFIRM,Confirm,确认,確認,Confirmar,Megerősítés,Bestätigen,Confirmer,Bevestigen,Confirmar,確認,Confirmar,Conferma,Подтвердить,Potwierdź,Bekräfta,확인
_L_APP_AMIIDB_CANCEL,Cancel,取消,取消,Cancelar,Mégse,Abbrechen,Annuler,Annuleren,Cancelar,キャンセル,Cancelar,Annulla,Отмена,Anuluj,Avbryt,취소
_L_APP_AMIIDB_TIPS,Confirm,提示,提示,Confirmar,Megerősítés,Bestätigen,Confirmer,Tip,Dica,確認,Dica,Conferma,Подтвердить,Wskazówka,Tips,확인
_L_APP_AMIIDB_NEW,New...,新建...,新建...,Nuevo...,Új...,Neu...,Nouveau...,Nieuw...,Novo...,新規...,Novo...,Nuovo...,Новый...,Nowy...,Ny...,새로 만들기...
_L_APP_AMIIDB_EMPTY,Empty...,清空...,清空...,Vaciar...,Ürítés...,Leeren...,Vider...,Legen...,Esvaziar...,空にする...,Esvaziar...,Svuota...,Очистить...,Opróżnij...,Töm...,비우기...
_L_APP_AMIIDB_DELETE,Delete...,删除...,刪除...,Eliminar...,Törlés...,Löschen...,Supprimer...,Verwijderen...,Excluir...,削除...,Apagar...,Elimina...,Удалить...,Usuń...,Ta bort...,삭제...
_L_APP_AMIIDB_FAV_NEW_HEAD,New Fav. Folder:,新建收藏文件夹:,新建收藏文件夾:,Nueva Carpeta Favoritos:,Új kedvenc mappa:,Neuer Favoritenordner:,Nouveau Dossier Favoris :,Nieuwe Favorietenmap:,Nova Pasta Favoritos:,新規お気に入りフォルダ:,Nova pasta de favoritos:,Nuova cartella preferiti:,Новая папка избранного:,Nowy folder ulubionych:,Ny favoritmapp:,새 즐겨찾기 폴더:
_L_APP_AMIIDB_FAV_EMPTY_MSG,Empty Fav. Folder?,清空收藏文件夹?,清空收藏文件夾?,¿Vaciar Carpeta Favoritos?,Üríti a kedvenc mappát?,Favoritenordner leeren?,Vider le Dossier Favoris ?,Favorietenmap Legen?,Esvaziar Pasta Favoritos?,お気に入りフォルダを空にしますか？,Esvaziar pasta de favoritos?,Svuotare cartella preferiti?,Очистить папку избранного?,Opróżnić folder ulubionych?,Töm favoritmapp?,즐겨찾기 폴더를 비울까요?
_L_APP_AMIIDB_FAV_DELETE_MSG,Confirm Delete?,确认删除?,確認刪除?,¿Confirmar Eliminación?,Törlés megerősítése?,Löschen bestätigen?,Confirmer la Suppression ?,Verwijderen Bevestigen?,Confirmar Exclusão?,削除しますか？,Confirmar apagar?,Confermare eliminazione?,Подтвердить удаление?,Potwierdź usunięcie?,Bekräfta borttagning?,삭제 확인?
_L_APP_AMIIDB_FAV_SELECT_FOLDER,Select Fav. Folder...,选择收藏文件夹...,選擇收藏文件夾...,Seleccionar Carpeta Favoritos...,Kedvenc mappa kiválasztása...,Favoritenordner auswählen...,Sélect. Dossier Favoris...,Selecteer Favorietenmap...,Selecionar Pasta Favoritos...,フォルダ選択...,Selecionar pasta de favoritos...,Seleziona cartella preferiti...,Выбрать папку избранного...,Wybierz folder ulubionych...,Välj favoritmapp...,즐겨찾기 폴더 선택...
_L_APP_AMIIDB_FAV_SUCCESS,Favorite Success,收藏成功,收藏成功,Favorito Exitoso,Kedvencekhez adás sikeres,Favorisieren erfolgreich,Favori Réussi,Favoriet Geslaagd,Favorito Bem-sucedido,追加しました,Favorito com sucesso,Aggiunto ai preferiti,Добавлено в избранное,Dodano do ulubionych,Favorit lyckades,즐겨찾기 성공
_L_APP_AMIIDB_FAV_FAILED,Favorite Failed!,收藏失败!,收藏失敗!,¡Fallo Favorito!,Kedvencekhez adás sikertelen!,Favorisieren fehlgeschlagen!,Échec Favori !,Favoriet Mislukt!,Falha no Favorito!,失敗しました,Falha ao adicionar favorito!,Aggiunta preferiti fallita!,Не удалось добавить в избранное!,Nie udało się dodać do ulubionych!,Favorit misslyckades!,즐겨찾기 실패!
_L_APP_AMIIDB_SLOT_SAVE_SUCCESS,Save Success,保存成功,保存成功,Guardado Exitoso,Mentés sikeres,Speichern erfolgreich,Sauvegarde Réussie,Opslaan Geslaagd,Salvo com Sucesso,保存しました,Guardado com sucesso,Salvataggio riuscito,Сохранено успешно,Zapisano pomyślnie,Sparat,저장 성공
_L_APP_AMIIDB_SLOT_SAVE_FAILED,Save Failed!,保存失败!,保存失敗!,¡Fallo Guardado!,Mentés sikertelen!,Speichern fehlgeschlagen!,Échec Sauvegarde !,Opslaan Mislukt!,Falha ao Salvar!,保存失敗!,Falha ao guardar!,Salvataggio fallito!,Не удалось сохранить!,Nie udało się zapisać!,Sparande misslyckades!,저장 실패!
_L_APP_AMIIDB_SORT_FIELD,Sort Field,排序字段,排序字段,Campo Ordenación,Rendezési mező,Sortierfeld,Champ de Tri,Sorteerveld,Campo de Classificação,ソート項目,Campo de ordenação,Campo ordinamento,Поле сортировки,Pole sortowania,Sorteringsfält,정렬 필드
_L_APP_AMIIDB_SORT_DEFAULT,Default,默认,默認,Predeterminado,Alapértelmezett,Standard,Défaut,Standaard,Padrão,デフォルト,Padrão,Predefinito,По умолчанию,Domyślne,Standard,기본
_L_APP_AMIIDB_SORT_NAME,Name,名字,名字,Nombre,Név,Name,Nom,Naam,Nome,名前,Nome,Nome,Имя,Nazwa,Namn,이름
_L_APP_CHAMELEON,Card Emulator,读卡模拟,讀卡模擬,Emulador de Tarjeta,Kártyaemulátor,Kartenemulator,Émulateur de Carte,Kaartemulator,Emulador de Cartão,カードエミュ,Emulador de cartão,Emulatore carta,Эмулятор карты,Emulator karty,Kortemulator,카드 에뮬레이터
_L_APP_CHAMELEON_TAG_MF1_WRITE_NORMAL,Normal,普通,普通,Normal,Normál,Normal,Normal,Normaal,Normal,通常,Normal,Normale,Обычный,Normalny,Normal,일반
_L_APP_CHAMELEON_TAG_MF1_WRITE_DENIED,Deny,拒写,拒寫,Denegar,Elutasítás,Verweigern,Refuser,Weigeren,Negar,書き込み拒否,Negar,Nega,Отказать,Odmów,Neka,거부
_L_APP_CHAMELEON_TAG_MF1_WRITE_DECEIVE,Ignore,欺骗,欺騙,Ignorar,Mellőzés,Ignorieren,Ignorer,Negeren,Ignorar,無視,Ignorar,Ignora,Игнорировать,Ignoruj,Ignorera,무시
_L_APP_CHAMELEON_TAG_MF1_WRITE_SHADOW,Cache,影子,影子,Caché,Gyorsítótár,Cache,Cache,Cache,Cache,キャッシュ,Cache,Cache,Кэш,Pamięć podręczna,Cache,캐시
_L_APP_CHAMELEON_INITIALIZING,Initializing data ...,初始化数据...,初始化數據...,Inicializando datos...,Adatok inicializálása...,Daten werden initialisiert...,Initialisation des données...,Gegevens initialiseren...,Inicializando dados...,初期化中...,A inicializar dados...,Inizializzazione dati...,Инициализация данных...,Inicjowanie danych...,Initierar data...,데이터 초기화 중...
_L_APP_CHAMELEON_CARD_SLOT,Slot,卡槽,卡槽,Ranura,Hely,Slot,Slot,Slot,Slot,スロット,Slot,Slot,Слот,Slot,Slot,슬롯
_L_APP_CHAMELEON_CARD_NICK,Nick,别名,別名,Apodo,Becenév,Spitzname,Surnom,Bijnaam,Apelido,別名,Apelido,Soprannome,Псевдоним,Pseudonim,Smeknamn,별명
_L_APP_CHAMELEON_CARD_ID,ID,卡号,卡號,ID,ID,ID,ID,ID,ID,ID,ID,ID,ID,ID,ID,ID
_L_APP_CHAMELEON_CARD_TYPE,Type,类型,類型,Tipo,Típus,Typ,Type,Type,Tipo,タイプ,Tipo,Tipo,Тип,Typ,Typ,유형
_L_APP_CHAMELEON_CARD_DATA,Data...,数据...,數據...,Datos...,Adatok...,Daten...,Données...,Gegevens...,Dados...,データ...,Dados...,Dati...,Данные...,Dane...,Data...,데이터...
_L_APP_CHAMELEON_CARD_ADVANCED,Advanced...,高级...,高級...,Avanzado...,Speciális...,Erweitert...,Avancé...,Geavanceerd...,Avançado...,詳細設定...,Avançado...,Avanzate...,Дополнительно...,Zaawansowane...,Avancerat...,고급...
_L_APP_CHAMELEON_CARD_SLOT_SETTINGS,Slots Settings...,卡槽设置...,卡槽設置...,Ajustes de Ranuras...,Hely beállítások...,Slot-Einstellungen...,Paramètres des Slots...,Slotinstellingen...,Config. de Slots...,スロット設定...,Definições de slots...,Impostazioni slot...,Настройки слотов...,Ustawienia slotów...,Slotinställningar...,슬롯 설정...
_L_APP_CHAMELEON_CARD_SLOT_NUM,Slot Num...,卡槽数量...,卡槽數量...,Núm. Ranura...,Helyek száma...,Slot-Nr....,Num. Slot...,Slot Nr....,Núm. Slot...,スロット数...,Núm. slot...,Num. slot...,Количество слотов...,Liczba slotów...,Slotnummer...,슬롯 번호...
_L_APP_CHAMELEON_CARD_SET_NICK_SUCCESS,Set Nick Success,别名设置成功,別名設置成功,Apodo Establecido,Becenév beállítása sikeres,Spitzname gesetzt,Surnom Défini,Bijnaam Ingesteld,Apelido Definido,別名を設定しました,Apelido definido com sucesso,Soprannome impostato,Псевдоним установлен,Ustawiono pseudonim,Smeknamn inställt,별명 설정 성공
_L_APP_CHAMELEON_CARD_SET_NICK_FAILED,Set Nick Failed!,别名设置失败!,別名設置失敗!,¡Fallo Apodo!,Becenév beállítása sikertelen!,Spitzname fehlgeschlagen!,Échec Surnom !,Bijnaam Mislukt!,Falha no Apelido!,失敗しました,Falha ao definir apelido!,Impostazione soprannome fallita!,Не удалось установить псевдоним!,Nie udało się ustawić pseudonimu!,Smeknamn misslyckades!,별명 설정 실패!
_L_APP_CHAMELEON_CARD_INPUT_NICK,Input Nick:,输入别名:,輸入別名:,Ingresar Apodo:,Becenév megadása:,Spitzname eingeben:,Saisir Surnom :,Voer Bijnaam In:,Inserir Apelido:,別名入力:,Inserir apelido:,Inserisci soprannome:,Введите псевдоним:,Wprowadź pseudonim:,Mata in smeknamn:,별명 입력:
_L_APP_CHAMELEON_CARD_DATA_LOAD,Load...,加载...,加載...,Cargar...,Betöltés...,Laden...,Charger...,Laden...,Carregar...,読み込み...,Carregar...,Carica...,Загрузить...,Wczytaj...,Ladda...,불러오기...
_L_APP_CHAMELEON_CARD_DATA_SAVE,Save...,保存...,保存...,Guardar...,Mentés...,Speichern...,Sauvegarder...,Opslaan...,Salvar...,保存...,Guardar...,Salva...,Сохранить...,Zapisz...,Spara...,저장...
_L_APP_CHAMELEON_CARD_DATA_FACTORY,Factory...,恢复出厂...,恢復出廠...,Fábrica...,Gyári...,Werk...,Usine...,Fabriek...,Fábrica...,初期化...,Fábrica...,Fabbrica...,Завод...,Fabryka...,Fabriks...,초기화...
_L_APP_CHAMELEON_CARD_DATA_FACTORY_SUCCESS,Data Factory Success,数据重置成功,數據重置成功,Datos Fábrica Exitoso,Adatok visszaállítása sikeres,Daten-Werksreset erfolgreich,Données Usine Réussi,Gegevens Fabriek Geslaagd,Dados de Fábrica Bem-sucedido,初期化しました,Dados de fábrica repostos com sucesso,Dati fabbrica ripristinati,Сброс данных выполнен,Przywrócono dane fabryczne,Fabriksdata lyckades,데이터 초기화 성공
_L_APP_CHAMELEON_CARD_DATA_LOAD_NOT_FOUND,File Not Found,文件不存在,文件不存在,Archivo No Encontrado,Fájl nem található,Datei nicht gefunden,Fichier Non Trouvé,Bestand Niet Gevonden,Arquivo Não Encontrado,ファイルがありません,Ficheiro não encontrado,File non trovato,Файл не найден,Nie znaleziono pliku,Fil ej hittad,파일 없음
_L_APP_CHAMELEON_CARD_DATA_LOAD_SIZE_NOT_MATCH,File Size Not Match,文件大小不匹配,文件大小不匹配,Tamaño Archivo No Coincide,Fájlméret nem egyezik,Dateigröße stimmt nicht überein,Taille Fichier Ne Correspond Pas,Bestandsgrootte Komt Niet Overeen,Tamanho do Arquivo Não Corresponde,サイズが異なります,Tamanho do ficheiro não corresponde,Dimensione file non corrispondente,Размер файла не совпадает,Rozmiar pliku nie pasuje,Filstorlek matchar inte,파일 크기 불일치
_L_APP_CHAMELEON_CARD_DATA_LOAD_FAILED,Load File Failed,加载文件失败,加載文件失敗,Fallo Carga Archivo,Fájl betöltése sikertelen,Laden der Datei fehlgeschlagen,Échec Chargement Fichier,Laden Bestand Mislukt,Falha ao Carregar Arquivo,読み込み失敗,Falha ao carregar ficheiro,Caricamento file fallito,Не удалось загрузить файл,Nie udało się wczytać pliku,Misslyckades att ladda fil,파일 로드 실패
_L_APP_CHAMELEON_CARD_DATA_LOAD_SUCCESS,Load File Success,加载文件成功,加載文件成功,Carga Archivo Exitosa,Fájl betöltése sikeres,Laden der Datei erfolgreich,Chargement Fichier Réussi,Laden Bestand Geslaagd,Carregamento de Arquivo Bem-sucedido,読み込みました,Ficheiro carregado com sucesso,Caricamento file riuscito,Файл загружен успешно,Wczytano plik pomyślnie,Fil laddad,파일 로드 성공
_L_APP_CHAMELEON_CARD_DATA_SAVE_INPUT_FILE_NAME,Input File Name:,输入文件名:,輸入文件名:,Nombre Archivo:,Fájlnév megadása:,Dateiname eingeben:,Nom du Fichier :,Voer Bestandsnaam In:,Nome do Arquivo:,ファイル名入力:,Inserir nome do ficheiro:,Inserisci nome file:,Имя файла:,Wprowadź nazwę pliku:,Mata in filnamn:,파일명 입력:
_L_APP_CHAMELEON_CARD_DATA_SAVE_FAILED,Save File Failed!,保存文件失败!,保存文件失敗!,¡Fallo Guardar Archivo!,Fájl mentése sikertelen!,Speichern der Datei fehlgeschlagen!,Échec Sauvegarde Fichier !,Opslaan Bestand Mislukt!,Falha ao Salvar Arquivo!,保存失敗!,Falha ao guardar ficheiro!,Salvataggio file fallito!,Не удалось сохранить файл!,Nie udało się zapisać pliku!,Misslyckades att spara fil!,파일 저장 실패!
_L_APP_CHAMELEON_CARD_DATA_SAVE_SUCCESS,Save File Success,保存文件成功,保存文件成功,Guardado Archivo Exitoso,Fájl mentése sikeres,Speichern der Datei erfolgreich,Sauvegarde Fichier Réussie,Opslaan Bestand Geslaagd,Salvamento de Arquivo Bem-sucedido,保存しました,Ficheiro guardado com sucesso,Salvataggio file riuscito,Файл сохранён успешно,Zapisano plik pomyślnie,Fil sparad,파일 저장 성공
_L_APP_CHAMELEON_CARD_ADV_CUSTOM_MODE,Custom Mode,自定义模式,自定義模式,Modo Personalizado,Egyedi mód,Benutzerdefinierter Modus,Mode Personnalisé,Aangepaste Modus,Modo Personalizado,カスタムモード,Modo personalizado,Modalità personalizzata,Польз. режим,Tryb własny,Anpassat läge,사용자 모드
_L_APP_CHAMELEON_CARD_ADV_LOAD_BLOCK0,Load From Block0...,从0块加载...,從0塊加載...,Cargar desde Bloque0...,Betöltés a 0. blokkból...,Laden von Block0...,Charger depuis Bloc0...,Laden van Blok0...,Carregar do Bloco0...,Block0から読み込み...,Carregar do Bloco0...,Carica da Blocco0...,Загрузить из Block0...,Wczytaj z bloku 0...,Ladda från Block0...,Block0 불러오기...
_L_APP_CHAMELEON_CARD_ADV_LOAD_BLOCK0_SUCCESS,Load Block0 Success,加载0块成功,加載0塊成功,Carga Bloque0 Exitosa,0. blokk betöltése sikeres,Laden von Block0 erfolgreich,Chargement Bloc0 Réussi,Laden Blok0 Geslaagd,Carregamento do Bloco0 Bem-sucedido,Block0を読み込みました,Bloco0 carregado com sucesso,Caricamento Blocco0 riuscito,Block0 загружен успешно,Wczytano blok 0 pomyślnie,Block0 laddad,Block0 로드 성공
_L_APP_CHAMELEON_CARD_ID_SIZE,ID Size,ID长度,ID長度,Tamaño ID,ID méret,ID-Größe,Taille ID,ID Grootte,Tamanho do ID,IDサイズ,Tamanho do ID,Dimensione ID,Размер ID,Rozmiar ID,ID-storlek,ID 크기
_L_APP_CHAMELEON_CARD_GEN1A_MODE,Gen1A Enabled,Gen1A后门开启,Gen1A後門開啓,Gen1A Habilitado,Gen1A engedélyezve,Gen1A aktiviert,Gen1A Activé,Gen1A Ingeschakeld,Gen1A Habilitado,Gen1A 有効,Gen1A ativado,Gen1A abilitato,Gen1A вкл.,Gen1A włączone,Gen1A aktiverat,Gen1A 활성
_L_APP_CHAMELEON_CARD_GENERATE_UID,Rand. UID,随机UID,隨機UID,UID Aleatorio,Véletlen UID,Zufällige UID,UID Aléatoire,Willekeurige UID,UID Aleatório,ランダムUID,UID aleatório,UID casuale,Случ. UID,Losowe UID,Slumpmässigt UID,랜덤 UID
_L_APP_CHAMELEON_CARD_GENERATE_UID_SUCCESS,UID Generated,UID生成成功,UID生成成功,UID Generado,UID generálva,UID generiert,UID Généré,UID Gegenereerd,UID Gerado,UID生成成功,UID gerado,UID generato,UID сгенерирован,Wygenerowano UID,UID genererat,UID 생성됨
_L_APP_CHAMELEON_CARD_GEN2_MODE,Gen2 Enabled,Gen2后门开启,Gen2後門開啓,Gen2 Habilitado,Gen2 engedélyezve,Gen2 aktiviert,Gen2 Activé,Gen2 Ingeschakeld,Gen2 Habilitado,Gen2 有効,Gen2 ativado,Gen2 abilitato,Gen2 вкл.,Gen2 włączone,Gen2 aktiverat,Gen2 활성
_L_APP_CHAMELEON_CARD_WRITE_MODE,Write Mode,写入模式,寫入模式,Modo Escritura,Írási mód,Schreibmodus,Mode Écriture,Schrijfmodus,Modo de Escrita,書き込みモード,Modo de escrita,Modalità scrittura,Режим записи,Tryb zapisu,Skrivläge,쓰기 모드
_L_APP_CHAMELEON_CARD_ADV_ID_EDIT_INVALID_INPUT,Invalid Input!,无效的输入!,無效的輸入!,¡Entrada inválida!,Érvénytelen bemenet!,Ungültige Eingabe!,Entrée Invalide!,Ongeldige Invoer!,Entrada Inválida!,無効な入力,Entrada inválida,Input non valido!,Недопустимый ввод,Nieprawidłowe dane!,Ogiltig inmatning!,잘못된 입력!
_L_APP_CHAMELEON_CARD_TYPE_FACTORY_DATA_CONFRIM,Card type changed. \nFactory card data?,卡类型已修改\n重置卡数据?,卡類型已修改\n重置卡數據?,Tipo tarjeta modificado\n¿Inicializar tarjeta?,A kártya típusa megváltozott.\nGyári kártyaadatok?,Kartentyp geändert. \nKartendaten zurücksetzen?,Le Type de Carte a Été Modifié. \nRéinitialiser les Données de la Carte?,Kaarttype gewijzigd. \nGegevens terugzetten naar standaard?,O tipo de cartão foi alterado. \nRedefinir dados do cartão?,カードの種類が変更されました。\nカードデータを初期化しますか？,Tipo de cartão alterado. \nFormatar cartão?,Tipo di carta modificato\nInizializzare carta?,Тип карты изменён.\nСбросить данные карты?,Zmieniono typ karty.\nUstawić domyślne dane?,Korttypen har ändrats. \nfabriksåterställ kortdata?,카드 유형 변경됨. \n데이터를 초기화할까요?
_L_APP_CHAMELEON_CARD_DEFAULT_CARD,Default Card,默认卡片,默认卡片,Tarjeta Predeterminada,Alapértelmezett kártya,Standardkarte,Carte par Défaut,Standaardkaart,Cartão Padrão,デフォルトカード,Cartão predefinido,Carta predefinita,По умолчанию,Domyślna Karta,Standardkort,기본 카드
_L_APP_GAME,Game,游戏,游戏,Juegos,Játék,Spiel,Jeu,Spel,Jogo,ゲーム,Jogo,Gioco,Игры,Gry,Spel,게임
_L_APP_GAME_TINY_ARKANOID,Arkanoid,打砖块,打磚塊,Arkanoid,Arkanoid,Arkanoid,Arkanoid,Arkanoid,Arkanoid,アルカノイド,Arkanoid,Arkanoid,Арканоид,Arkanoid,Arkanoid,알카노이드
_L_APP_GAME_TINY_INVADERS,Invaders,入侵者,入侵者,Invasores,Invaders,Invaders,Invaders,Invaders,Invasores,インベーダー,Invasores,Invaders,Космические захватчики,Invaders,Invaders,인베이더
_L_APP_GAME_TINY_LANDER,Lander,星球着陆,星球著陸,Lander,Lander,Lander,Lander,Lander,Lander,ランダー,Lander,Lander,Посадка на Луну,Lander,Lander,랜더
_L_APP_GAME_TINY_TRIS,Tris,俄罗斯方块,俄羅斯方塊,Tris,Tris,Tris,Tris,Tris,Tris,テトリス,Tris,Tris,Тетрис,Tris,Tris,트리스